seq,event_ns,ingest_ns,bid,ask,bid_qty,ask_qty
1,1060000000000,1063000000000,100,101,100,50
2,1120000000000,1123000000000,100,101,100,50
3,1180000000000,1183000000000,100,101,100,50
4,1240000000000,1243000000000,100,101,100,50
5,1300000000000,1303000000000,100,101,100,50
6,1360000000000,1363000000000,100,101,100,50
7,1420000000000,1423000000000,100,101,100,50
8,1480000000000,1483000000000,100,101,100,50
9,1540000000000,1543000000000,100,101,100,50
10,1600000000000,1603000000000,100,101,100,50
11,1660000000000,1663000000000,100,101,100,50
12,1720000000000,1723000000000,100,101,100,50
13,1780000000000,1783000000000,100,101,100,50
14,1840000000000,1843000000000,100,101,100,50
15,1900000000000,1903000000000,100,101,100,50
16,1960000000000,1963000000000,100,101,100,50
17,2020000000000,2023000000000,100,101,100,50
18,2080000000000,2083000000000,100,101,100,50
19,2140000000000,2143000000000,100,101,100,50
20,2200000000000,2203000000000,100,101,100,50
21,2260000000000,2263000000000,100,101,100,50
22,2320000000000,2323000000000,100,101,100,50
23,2380000000000,2383000000000,100,101,100,50
24,2440000000000,2443000000000,100,101,100,50
25,2500000000000,2503000000000,100,101,100,50
26,2560000000000,2563000000000,100,101,100,50
27,2620000000000,2623000000000,100,101,100,50
28,2680000000000,2683000000000,100,101,100,50
29,2740000000000,2743000000000,100,101,100,50
30,2800000000000,2803000000000,100,101,100,50
31,2860000000000,2863000000000,100,101,100,50
32,2920000000000,2923000000000,100,101,100,50
33,2980000000000,2983000000000,100,101,100,50
34,3040000000000,3043000000000,100,101,100,50
35,3100000000000,3103000000000,100,101,100,50
36,3160000000000,3163000000000,100,101,100,50
37,3220000000000,3223000000000,100,101,100,50
38,3280000000000,3283000000000,100,101,100,50
39,3340000000000,3343000000000,100,101,100,50
40,3400000000000,3403000000000,100,101,100,50
41,3460000000000,3463000000000,100,101,100,50
42,3520000000000,3523000000000,100,101,100,50
43,3580000000000,3583000000000,100,101,100,50
44,3640000000000,3643000000000,100,101,100,50
45,3700000000000,3703000000000,100,101,100,50
46,3760000000000,3763000000000,100,101,100,50
47,3820000000000,3823000000000,100,101,100,50
48,3880000000000,3883000000000,100,101,100,50
49,3940000000000,3943000000000,100,101,100,50
50,4000000000000,4003000000000,100,101,100,50
51,4060000000000,4063000000000,100,101,100,50
52,4120000000000,4123000000000,100,101,100,50
53,4180000000000,4183000000000,100,101,100,50
54,4240000000000,4243000000000,100,101,100,50
55,4300000000000,4303000000000,100,101,100,50
56,4360000000000,4363000000000,100,101,100,50
57,4420000000000,4423000000000,100,101,100,50
58,4480000000000,4483000000000,100,101,100,50
59,4540000000000,4543000000000,100,101,100,50
60,4600000000000,4603000000000,100,101,100,50
61,4660000000000,4663000000000,100,101,100,50
62,4720000000000,4723000000000,100,101,100,50
63,4780000000000,4783000000000,100,101,100,50
64,4840000000000,4843000000000,100,101,100,50
65,4900000000000,4903000000000,100,101,100,50
66,4960000000000,4963000000000,100,101,100,50
67,5020000000000,5023000000000,100,101,100,50
68,5080000000000,5083000000000,100,101,100,50
69,5140000000000,5143000000000,100,101,100,50
70,5200000000000,5203000000000,100,101,100,50
