seq,event_ns,ingest_ns,open,high,low,close,volume
1,1060000000000,1062000000000,91.50159149100433,92.41660740591438,90.58657557609429,91.50159149100433,101.0
2,1120000000000,1122000000000,91.28506006402074,92.19791066466095,90.37220946338053,91.28506006402074,102.0
3,1180000000000,1182000000000,90.90353663171501,91.81257199803217,89.99450126539786,90.90353663171501,103.0
4,1240000000000,1242000000000,90.43620071654807,91.34056272371356,89.53183870938258,90.43620071654807,104.0
5,1300000000000,1302000000000,89.97577974517928,90.87553754263108,89.07602194772748,89.97577974517928,105.0
6,1360000000000,1362000000000,89.61390942668812,90.51004852095501,88.71777033242124,89.61390942668812,106.0
7,1420000000000,1422000000000,89.42666648899701,90.32093315388698,88.53239982410705,89.42666648899701,107.0
8,1480000000000,1482000000000,89.46255783630787,90.35718341467094,88.56793225794479,89.46255783630787,108.0
9,1540000000000,1542000000000,89.73486237549878,90.63221099925377,88.83751375174378,89.73486237549878,109.0
10,1600000000000,1602000000000,90.21953456870459,91.12172991439164,89.31733922301754,90.21953456870459,110.0
11,1660000000000,1662000000000,90.85900069503236,91.76759070198268,89.95041068808204,90.85900069503236,111.0
12,1720000000000,1722000000000,91.57124847515917,92.48696095991076,90.65553599040757,91.57124847515917,112.0
13,1780000000000,1782000000000,92.26277500695056,93.18540275702007,91.34014725688105,92.26277500695056,113.0
14,1840000000000,1842000000000,92.84334881776539,93.77178230594305,91.91491532958773,92.84334881776539,114.0
15,1900000000000,1902000000000,93.24025542997555,94.1726579842753,92.30785287567579,93.24025542997555,115.0
16,1960000000000,1962000000000,93.40977737813729,94.34387515191867,92.47567960435592,93.40977737813729,116.0
17,2020000000000,2022000000000,93.34409623552474,94.27753719788,92.4106552731695,93.34409623552474,117.0
18,2080000000000,2082000000000,93.07252697179838,94.00325224151636,92.1418017020804,93.07252697179838,118.0
19,2140000000000,2142000000000,92.65688976387338,93.58345866151211,91.73032086623465,92.65688976387338,119.0
20,2200000000000,2202000000000,92.18174994928708,93.10356744877996,91.2599324497942,92.18174994928708,120.0
21,2260000000000,2262000000000,91.74106701882496,92.65847768901321,90.82365634863672,91.74106701882496,121.0
22,2320000000000,2322000000000,91.42336047890751,92.33759408369659,90.50912687411844,91.42336047890751,122.0
23,2380000000000,2382000000000,91.29773456789376,92.2107119135727,90.38475722221482,91.29773456789376,123.0
24,2440000000000,2442000000000,91.4029682163088,92.3169978984719,90.48893853414572,91.4029682163088,124.0
25,2500000000000,2502000000000,91.74139270638533,92.65880663344917,90.82397877932148,91.74139270638533,125.0
26,2560000000000,2562000000000,92.27852361385916,93.20130884999776,91.35573837772057,92.27852361385916,126.0
27,2620000000000,2622000000000,92.948505140317,93.87799019172017,92.01902008891382,92.948505140317,127.0
28,2680000000000,2682000000000,93.66450729572813,94.6011523686854,92.72786222277085,93.66450729572813,128.0
29,2740000000000,2742000000000,94.33243444465197,95.27575878909849,93.38911010020544,94.33243444465197,129.0
30,2800000000000,2802000000000,94.86578093809874,95.81443874747973,93.91712312871775,94.86578093809874,130.0
31,2860000000000,2862000000000,95.19928845341829,96.15128133795247,94.24729556888411,95.19928845341829,131.0
32,2920000000000,2922000000000,95.29924884854616,96.25224133703162,94.34625636006069,95.29924884854616,132.0
33,2980000000000,2982000000000,95.16882593646066,96.12051419582527,94.21713767709606,95.16882593646066,133.0
34,3040000000000,3042000000000,94.84755598867972,95.79603154856652,93.89908042879291,94.84755598867972,134.0
35,3100000000000,3102000000000,94.40510582731176,95.34915688558488,93.46105476903864,94.40510582731176,135.0
36,3160000000000,3162000000000,93.93027396567936,94.86957670533616,92.99097122602257,93.93027396567936,136.0
37,3220000000000,3222000000000,93.51697127556791,94.45214098832359,92.58180156281223,93.51697127556791,137.0
38,3280000000000,3282000000000,93.24939452548338,94.18188847073822,92.31690058022855,93.24939452548338,138.0
39,3340000000000,3342000000000,93.18873356222429,94.12062089784654,92.25684622660204,93.18873356222429,139.0
40,3400000000000,3402000000000,93.36351077951493,94.29714588731008,92.42987567171977,93.36351077951493,140.0
41,3460000000000,3462000000000,93.76507805918689,94.70272883977876,92.82742727859502,93.76507805918689,141.0
42,3520000000000,3522000000000,94.34898211888296,95.29247194007179,93.40549229769412,94.34898211888296,142.0
43,3580000000000,3582000000000,95.04198270790224,95.99240253498125,94.09156288082322,95.04198270790224,143.0
44,3640000000000,3642000000000,95.75361563237887,96.71115178870265,94.79607947605508,95.75361563237887,144.0
45,3700000000000,3702000000000,96.39047506236612,97.35437981298978,95.42657031174247,96.39047506236612,145.0
46,3760000000000,3762000000000,96.87096025857716,97.83966986116293,95.90225065599138,96.87096025857716,146.0
47,3820000000000,3822000000000,97.13815853488082,98.10954012022962,96.16677694953201,97.13815853488082,147.0
48,3880000000000,3882000000000,97.1688305200453,98.14051882524576,96.19714221484485,97.1688305200453,148.0
49,3940000000000,3942000000000,96.97707914346825,97.94684993490293,96.00730835203356,96.97707914346825,149.0
50,4000000000000,4002000000000,96.61212309272008,97.57824432364728,95.64600186179288,96.61212309272008,150.0
51,4060000000000,4062000000000,96.15052626499752,97.1120315276475,95.18902100234754,96.15052626499752,151.0
52,4120000000000,4122000000000,95.68411001124353,96.64095111135597,94.72726891113109,95.68411001124353,152.0
53,4180000000000,4182000000000,95.30545656380191,96.25851112943994,94.35240199816388,95.30545656380191,153.0
54,4240000000000,4242000000000,95.09329233762882,96.04422526100511,94.14235941425254,95.09329233762882,154.0
55,4300000000000,4302000000000,95.10005876040803,96.05105934801212,94.14905817280395,95.10005876040803,155.0
56,4360000000000,4362000000000,95.34363292420221,96.29706925344423,94.39019659496019,95.34363292420221,156.0
57,4420000000000,4422000000000,95.80450518569765,96.76255023755462,94.84646013384068,95.80450518569765,157.0
58,4480000000000,4482000000000,96.42885930990546,97.39314790300452,95.4645707168064,96.42885930990546,158.0
59,4540000000000,4542000000000,97.13706887035465,98.1084395590582,96.16569818165111,97.13706887035465,159.0
60,4600000000000,4602000000000,97.8362685110055,98.81463119611556,96.85790582589544,97.8362685110055,160.0
61,4660000000000,4662000000000,98.43501534404426,99.4193654974847,97.45066519060381,98.43501534404426,161.0
62,4720000000000,4722000000000,98.85772577122225,99.84630302893447,97.86914851351003,98.85772577122225,162.0
63,4780000000000,4782000000000,99.0566084720867,100.04717455680756,98.06604238736583,99.0566084720867,163.0
64,4840000000000,4842000000000,99.01920960264437,100.00940169867081,98.02901750661792,99.01920960264437,164.0
65,4900000000000,4902000000000,98.77037898349296,99.75808277332789,97.78267519365804,98.77037898349296,165.0
66,4960000000000,4962000000000,98.3683468595467,99.35203032814218,97.38466339095123,98.3683468595467,166.0
67,5020000000000,5022000000000,97.89553062473135,98.87448593097866,96.91657531848404,97.89553062473135,167.0
68,5080000000000,5082000000000,97.44552292767747,98.41997815695424,96.4710676984007,97.44552292767747,168.0
69,5140000000000,5142000000000,97.10831545041734,98.07939860492151,96.13723229591317,97.10831545041734,169.0
70,5200000000000,5202000000000,96.95609120052966,97.92565211253495,95.98653028852436,96.95609120052966,170.0
