id	revision	parameters	descriptor_digest	valid_samples	wall_p50_ns	wall_p95_ns	thread_cpu_p95_ns	cost_ns
amihud20	asep2-amihud-native-v1	returns=20;denom=close*base_volume	9852710618783866860	255	250	361	631	1000
atr	true-range-sma-v1	window=14	12126279817558826621	255	130	160	320	1000
book_imbalance	top-of-book-imbalance-v1	snapshot=1	1243582070969938549	85	120	131	301	1000
cci20	asep2-cci-native-v1	window=20;scale=0.015	9902181385649066733	255	180	200	360	1000
cusum40	asep2-cusum-only-native-v1	returns=40;k=0.5;threshold=5	8795167520077204033	255	490	521	671	1000
garman_klass20	asep2-garman-klass-native-v1	window=20;unit=per-bar	5818484150259513975	255	290	401	571	1000
momentum	rsi-wilder-v1	period=14	6609711394214704178	255	631	842	992	1010
parkinson20	asep2-parkinson-native-v1	window=20;unit=per-bar	10243001504512776837	255	220	241	401	1000
peer_corr	pearson-matched-time-v1	returns=12	13024389846562085134	255	1762	2324	2504	2788
roc12	asep2-roc12-native-v1	lag=12;unit=percent	4260146896395496569	255	100	140	291	1000
spectral	goertzel-concentration-v1	window=64;k=1..8	3692512669711175572	255	1552	1612	1783	1934
trend	ema-8-21-v1	fast=8;slow=21	13498099697509098541	255	440	571	722	1000
forecast	illustrative-forecast-v1	weights=0.7,0.3	14835700254210693237	255	511	721	901	1000
volatility	realized-rms-v1	window=20	623013356361494120	255	230	251	410	1000
regime	heuristic-regime-v1	scale=100	11095459270085876117	255	491	631	821	1000
risk	heuristic-risk-v1	scale=100	4461709481287471287	255	390	521	671	1000
fusion	illustrative-fusion-v1	weights=0.3,0.2,0.2,0.2,0.1	10516980076320983033	85	1482	1933	2083	2319
volume_obv30	asep2-obv-surge-adapted-v1	obv_window=30;surge_window=20	12603769236101047584	255	281	411	561	1000
williams_r14	asep2-williams-r-native-v1	window=14;unit=percent	13075534019301019707	255	110	150	310	1000
